County_name,county_fips,McCount
Autauga,1001,1
Baldwin,1003,12
Barbour,1005,1
Bibb,1007,1
Blount,1009,2
Bullock,1011,1
Butler,1013,1
Calhoun,1015,6
Chambers,1017,1
Cherokee,1019,1
Chilton,1021,2
Clarke,1025,2
Clay,1027,1
Cleburne,1029,1
Coffee,1031,1
Colbert,1033,4
Conecuh,1035,1
Covington,1039,1
Crenshaw,1041,1
Cullman,1043,4
Dale,1045,2
Dallas,1047,2
DeKalb,1049,2
Elmore,1051,6
Escambia,1053,4
Etowah,1055,6
Fayette,1057,1
Franklin,1059,2
Geneva,1061,1
Hale,1065,1
Houston,1069,6
Jackson,1071,2
Jefferson,1073,42
Lamar,1075,1
Lauderdale,1077,6
Lawrence,1079,1
Lee,1081,6
Limestone,1083,3
Macon,1087,1
Madison,1089,15
Marengo,1091,1
Marion,1093,2
Marshall,1095,4
Mobile,1097,29
Monroe,1099,1
Montgomery,1101,13
Morgan,1103,6
Pike,1109,1
Randolph,1111,1
Russell,1113,4
St. Clair,1115,3
Shelby,1117,11
Sumter,1119,1
Talladega,1121,4
Tallapoosa,1123,2
Tuscaloosa,1125,11
Walker,1127,3
Winston,1133,1
Anchorage,2020,17
Fairbanks North Star,2090,4
Juneau,2110,1
Kenai Peninsula,2122,3
Ketchikan Gateway,2130,1
Kodiak Island,2150,1
Matanuska-Susitna,2170,3
Sitka,2220,1
Apache,4001,2
Cochise,4003,7
Coconino,4005,8
Gila,4007,2
Graham,4009,2
La Paz,4012,2
Maricopa,4013,171
Mohave,4015,9
Navajo,4017,7
Pima,4019,43
Pinal,4021,13
Santa Cruz,4023,3
Yavapai,4025,9
Yuma,4027,8
Arkansas,5001,1
Ashley,5003,1
Baxter,5005,3
Benton,5007,16
Boone,5009,2
Bradley,5011,1
Carroll,5015,2
Chicot,5017,1
Clark,5019,2
Clay,5021,2
Cleburne,5023,1
Columbia,5027,1
Conway,5029,1
Craighead,5031,4
Crawford,5033,3
Crittenden,5035,3
Cross,5037,1
Dallas,5039,1
Desha,5041,1
Drew,5043,1
Faulkner,5045,6
Franklin,5047,1
Garland,5051,7
Grant,5053,1
Greene,5055,3
Hempstead,5057,1
Hot Spring,5059,2
Howard,5061,1
Independence,5063,1
Jackson,5067,1
Jefferson,5069,6
Johnson,5071,1
Lawrence,5075,1
Lincoln,5079,1
Little River,5081,1
Logan,5083,2
Lonoke,5085,4
Madison,5087,1
Miller,5091,1
Mississippi,5093,3
Monroe,5095,1
Ouachita,5103,1
Phillips,5107,2
Pike,5109,1
Poinsett,5111,2
Polk,5113,1
Pope,5115,4
Pulaski,5119,28
Randolph,5121,1
St. Francis,5123,1
Saline,5125,4
Scott,5127,1
Searcy,5129,1
Sebastian,5131,8
Sevier,5133,1
Sharp,5135,2
Stone,5137,1
Union,5139,2
Van Buren,5141,1
Washington,5143,13
White,5145,5
Yell,5149,1
Alameda,6001,48
Amador,6005,1
Butte,6007,6
Calaveras,6009,1
Colusa,6011,1
Contra Costa,6013,32
Del Norte,6015,1
El Dorado,6017,6
Fresno,6019,41
Glenn,6021,1
Humboldt,6023,5
Imperial,6025,6
Inyo,6027,2
Kern,6029,39
Kings,6031,8
Lake,6033,2
Lassen,6035,1
Los Angeles,6037,352
Madera,6039,6
Marin,6041,5
Mendocino,6045,4
Merced,6047,14
Mono,6051,1
Monterey,6053,17
Napa,6055,3
Nevada,6057,2
Orange,6059,98
Placer,6061,16
Riverside,6065,70
Sacramento,6067,59
San Benito,6069,2
San Bernardino,6071,72
San Diego,6073,111
San Francisco,6075,18
San Joaquin,6077,32
San Luis Obispo,6079,12
San Mateo,6081,22
Santa Barbara,6083,16
Santa Clara,6085,64
Santa Cruz,6087,6
Shasta,6089,7
Siskiyou,6093,2
Solano,6095,22
Sonoma,6097,16
Stanislaus,6099,23
Sutter,6101,4
Tehama,6103,2
Tulare,6107,21
Tuolumne,6109,2
Ventura,6111,29
Yolo,6113,8
Yuba,6115,1
Adams,8001,25
Alamosa,8003,1
Arapahoe,8005,24
Archuleta,8007,1
Boulder,8013,7
Broomfield,8014,3
Chaffee,8015,1
Clear Creek,8019,1
Delta,8029,1
Denver,8031,28
Douglas,8035,9
Eagle,8037,2
El Paso,8041,28
Fremont,8043,1
Garfield,8045,3
Grand,8049,2
Gunnison,8051,1
Jefferson,8059,25
Kit Carson,8063,1
La Plata,8067,1
Larimer,8069,13
Las Animas,8071,1
Lincoln,8073,1
Logan,8075,1
Mesa,8077,6
Moffat,8081,1
Montezuma,8083,1
Montrose,8085,2
Morgan,8087,2
Otero,8089,1
Pitkin,8097,1
Prowers,8099,1
Pueblo,8101,7
Routt,8107,1
Summit,8117,1
Teller,8119,1
Weld,8123,10
Fairfield,9001,29
Hartford,9003,37
Litchfield,9005,7
Middlesex,9007,7
New Haven,9009,39
New London,9011,13
Tolland,9013,5
Windham,9015,5
Kent,10001,9
New Castle,10003,19
Sussex,10005,9
District of Columbia,11001,33
Alachua,12001,11
Baker,12003,1
Bay,12005,11
Bradford,12007,1
Brevard,12009,30
Broward,12011,77
Calhoun,12013,1
Charlotte,12015,6
Citrus,12017,5
Clay,12019,9
Collier,12021,15
Columbia,12023,2
DeSoto,12027,1
Dixie,12029,1
Duval,12031,52
Escambia,12033,14
Flagler,12035,3
Gadsden,12039,1
Gulf,12045,1
Hardee,12049,1
Hendry,12051,2
Hernando,12053,10
Highlands,12055,4
Hillsborough,12057,56
Holmes,12059,1
Indian River,12061,6
Jackson,12063,4
Jefferson,12065,1
Lake,12069,12
Lee,12071,33
Leon,12073,17
Levy,12075,2
Madison,12079,2
Manatee,12081,15
Marion,12083,16
Martin,12085,8
Miami-Dade,12086,98
Monroe,12087,3
Nassau,12089,4
Okaloosa,12091,12
Okeechobee,12093,2
Orange,12095,66
Osceola,12097,14
Palm Beach,12099,49
Pasco,12101,16
Pinellas,12103,41
Polk,12105,29
Putnam,12107,3
St. Johns,12109,10
St. Lucie,12111,15
Santa Rosa,12113,7
Sarasota,12115,14
Seminole,12117,20
Sumter,12119,4
Suwannee,12121,3
Taylor,12123,1
Volusia,12127,23
Wakulla,12129,1
Walton,12131,2
Washington,12133,1
Appling,13001,1
Bacon,13005,1
Baldwin,13009,3
Banks,13011,1
Barrow,13013,3
Bartow,13015,8
Ben Hill,13017,1
Berrien,13019,1
Bibb,13021,10
Bleckley,13023,1
Bryan,13029,4
Bulloch,13031,3
Burke,13033,1
Butts,13035,2
Camden,13039,2
Candler,13043,1
Carroll,13045,6
Catoosa,13047,3
Charlton,13049,1
Chatham,13051,17
Chattooga,13055,1
Cherokee,13057,10
Clarke,13059,5
Clayton,13063,16
Cobb,13067,34
Coffee,13069,1
Colquitt,13071,1
Columbia,13073,8
Cook,13075,1
Coweta,13077,6
Crisp,13081,1
Dade,13083,1
Dawson,13085,2
Decatur,13087,1
DeKalb,13089,30
Dodge,13091,1
Dooly,13093,1
Dougherty,13095,4
Douglas,13097,8
Early,13099,1
Effingham,13103,1
Elbert,13105,1
Emanuel,13107,1
Evans,13109,1
Fannin,13111,1
Fayette,13113,6
Floyd,13115,3
Forsyth,13117,10
Franklin,13119,2
Fulton,13121,43
Gilmer,13123,1
Glynn,13127,5
Gordon,13129,1
Grady,13131,1
Greene,13133,1
Gwinnett,13135,33
Habersham,13137,2
Hall,13139,6
Haralson,13143,1
Hart,13147,1
Henry,13151,10
Houston,13153,7
Jackson,13157,3
Jeff Davis,13161,1
Jefferson,13163,2
Jones,13169,1
Lamar,13171,1
Lanier,13173,1
Laurens,13175,2
Lee,13177,1
Liberty,13179,4
Lowndes,13185,7
Lumpkin,13187,1
McDuffie,13189,1
McIntosh,13191,1
Macon,13193,1
Meriwether,13199,1
Mitchell,13205,1
Monroe,13207,1
Morgan,13211,1
Murray,13213,1
Muscogee,13215,11
Newton,13217,5
Oconee,13219,2
Paulding,13223,4
Peach,13225,2
Pickens,13227,1
Pierce,13229,1
Polk,13233,3
Pulaski,13235,1
Putnam,13237,2
Rabun,13241,1
Richmond,13245,11
Rockdale,13247,4
Screven,13251,1
Spalding,13255,4
Stephens,13257,1
Sumter,13261,2
Tattnall,13267,1
Telfair,13271,1
Terrell,13273,1
Thomas,13275,1
Tift,13277,3
Toombs,13279,2
Towns,13281,1
Troup,13285,5
Turner,13287,1
Union,13291,1
Upson,13293,1
Walker,13295,2
Walton,13297,3
Ware,13299,2
Washington,13303,1
Wayne,13305,1
White,13311,1
Whitfield,13313,6
Wilkes,13317,1
Worth,13321,1
Hawaii,15001,9
Honolulu,15003,51
Kauai,15007,5
Maui,15009,10
Ada,16001,22
Bannock,16005,3
Bingham,16011,1
Blaine,16013,1
Bonner,16017,1
Bonneville,16019,6
Canyon,16027,7
Elmore,16039,2
Gem,16045,1
Gooding,16047,1
Jerome,16053,1
Kootenai,16055,5
Latah,16057,2
Madison,16065,1
Minidoka,16067,1
Nez Perce,16069,2
Shoshone,16079,1
Twin Falls,16083,4
Washington,16087,1
Adams,17001,2
Bond,17005,1
Boone,17007,3
Brown,17009,1
Bureau,17011,2
Carroll,17015,1
Cass,17017,1
Champaign,17019,10
Christian,17021,2
Clark,17023,2
Clay,17025,1
Clinton,17027,3
Coles,17029,3
Cook,17031,238
Crawford,17033,1
DeKalb,17037,5
De Witt,17039,1
Douglas,17041,2
DuPage,17043,48
Edgar,17045,1
Edwards,17047,1
Effingham,17049,4
Fayette,17051,1
Ford,17053,1
Franklin,17055,2
Fulton,17057,2
Grundy,17063,5
Hamilton,17065,1
Henry,17073,2
Iroquois,17075,2
Jackson,17077,6
Jefferson,17081,3
Jersey,17083,1
Jo Daviess,17085,2
Johnson,17087,1
Kane,17089,25
Kankakee,17091,6
Kendall,17093,6
Knox,17095,3
Lake,17097,45
LaSalle,17099,9
Lawrence,17101,1
Lee,17103,1
Livingston,17105,1
Logan,17107,1
McDonough,17109,2
McHenry,17111,17
McLean,17113,12
Macon,17115,7
Macoupin,17117,1
Madison,17119,15
Marion,17121,2
Mason,17125,1
Massac,17127,1
Mercer,17131,1
Monroe,17133,2
Montgomery,17135,2
Morgan,17137,1
Moultrie,17139,1
Ogle,17141,4
Peoria,17143,13
Perry,17145,2
Piatt,17147,1
Pike,17149,1
Randolph,17157,3
Richland,17159,1
Rock Island,17161,7
St. Clair,17163,17
Saline,17165,2
Sangamon,17167,14
Shelby,17173,1
Stephenson,17177,2
Tazewell,17179,9
Union,17181,1
Vermilion,17183,5
Wabash,17185,1
Warren,17187,1
Washington,17189,1
Wayne,17191,1
White,17193,1
Whiteside,17195,3
Will,17197,34
Williamson,17199,5
Winnebago,17201,20
Woodford,17203,2
Adams,18001,2
Allen,18003,18
Bartholomew,18005,4
Blackford,18009,1
Boone,18011,4
Brown,18013,1
Carroll,18015,1
Cass,18017,2
Clark,18019,5
Clay,18021,2
Clinton,18023,1
Daviess,18027,1
Dearborn,18029,4
Decatur,18031,2
DeKalb,18033,2
Delaware,18035,7
Dubois,18037,3
Elkhart,18039,11
Fayette,18041,1
Floyd,18043,5
Fountain,18045,1
Franklin,18047,2
Fulton,18049,1
Gibson,18051,1
Grant,18053,4
Greene,18055,1
Hamilton,18057,12
Hancock,18059,3
Harrison,18061,1
Hendricks,18063,10
Henry,18065,1
Howard,18067,6
Huntington,18069,2
Jackson,18071,3
Jasper,18073,4
Jay,18075,1
Jefferson,18077,2
Jennings,18079,1
Johnson,18081,8
Knox,18083,3
Kosciusko,18085,3
LaGrange,18087,1
Lake,18089,27
LaPorte,18091,8
Lawrence,18093,2
Madison,18095,7
Marion,18097,48
Marshall,18099,5
Martin,18101,1
Miami,18103,2
Monroe,18105,5
Montgomery,18107,2
Morgan,18109,3
Newton,18111,1
Noble,18113,3
Orange,18117,1
Owen,18119,1
Perry,18123,1
Pike,18125,1
Porter,18127,9
Posey,18129,1
Pulaski,18131,1
Putnam,18133,2
Randolph,18135,2
Ripley,18137,1
Rush,18139,1
St. Joseph,18141,14
Scott,18143,1
Shelby,18145,4
Starke,18149,1
Steuben,18151,5
Sullivan,18153,1
Tippecanoe,18157,9
Tipton,18159,1
Vanderburgh,18163,13
Vermillion,18165,1
Vigo,18167,5
Wabash,18169,2
Warrick,18173,2
Washington,18175,1
Wayne,18177,5
Wells,18179,1
White,18181,1
Whitley,18183,2
Adair,19001,1
Appanoose,19007,1
Benton,19011,1
Black Hawk,19013,7
Boone,19015,1
Bremer,19017,1
Buchanan,19019,1
Buena Vista,19021,1
Carroll,19027,1
Cass,19029,1
Cedar,19031,1
Cerro Gordo,19033,3
Cherokee,19035,1
Chickasaw,19037,1
Clarke,19039,1
Clay,19041,1
Clinton,19045,3
Crawford,19047,1
Dallas,19049,3
Des Moines,19057,2
Dickinson,19059,1
Dubuque,19061,5
Emmet,19063,1
Fayette,19065,1
Floyd,19067,1
Franklin,19069,1
Fremont,19071,1
Hamilton,19079,1
Hardin,19083,1
Harrison,19085,1
Henry,19087,1
Iowa,19095,1
Jackson,19097,1
Jasper,19099,3
Jefferson,19101,1
Johnson,19103,6
Jones,19105,1
Kossuth,19109,1
Lee,19111,2
Linn,19113,9
Mahaska,19123,1
Marion,19125,2
Marshall,19127,1
Mills,19129,1
Monona,19133,1
Montgomery,19137,1
Muscatine,19139,1
O'Brien,19141,1
Page,19145,1
Palo Alto,19147,1
Plymouth,19149,1
Polk,19153,25
Pottawattamie,19155,4
Poweshiek,19157,1
Scott,19163,11
Sioux,19167,1
Story,19169,5
Union,19175,1
Wapello,19179,3
Warren,19181,2
Washington,19183,1
Webster,19187,2
Winneshiek,19191,2
Woodbury,19193,7
Allen,20001,1
Atchison,20005,1
Barton,20009,1
Bourbon,20011,1
Brown,20013,1
Butler,20015,4
Cherokee,20021,2
Cloud,20029,1
Cowley,20035,2
Crawford,20037,2
Dickinson,20041,1
Douglas,20045,4
Ellis,20051,2
Finney,20055,2
Ford,20057,1
Franklin,20059,1
Geary,20061,2
Grant,20067,1
Harper,20077,1
Harvey,20079,1
Johnson,20091,31
Kingman,20095,1
Labette,20099,1
Leavenworth,20103,2
Lyon,20111,3
McPherson,20113,1
Miami,20121,2
Montgomery,20125,2
Nemaha,20131,1
Neosho,20133,1
Norton,20137,1
Pottawatomie,20149,1
Pratt,20151,1
Reno,20155,4
Riley,20161,2
Russell,20167,1
Saline,20169,4
Sedgwick,20173,30
Seward,20175,2
Shawnee,20177,10
Sherman,20181,1
Stevens,20189,1
Sumner,20191,2
Thomas,20193,1
Trego,20195,1
Wyandotte,20209,9
Adair,21001,1
Allen,21003,1
Anderson,21005,2
Barren,21009,3
Bath,21011,1
Bell,21013,3
Boone,21015,9
Bourbon,21017,1
Boyd,21019,6
Boyle,21021,2
Breathitt,21025,1
Breckinridge,21027,1
Bullitt,21029,5
Butler,21031,1
Caldwell,21033,1
Calloway,21035,1
Campbell,21037,4
Carroll,21041,1
Carter,21043,2
Casey,21045,1
Christian,21047,4
Clark,21049,1
Clay,21051,1
Clinton,21053,1
Crittenden,21055,1
Daviess,21059,5
Elliott,21063,1
Estill,21065,1
Fayette,21067,15
Fleming,21069,1
Floyd,21071,3
Franklin,21073,2
Fulton,21075,1
Gallatin,21077,1
Garrard,21079,1
Grant,21081,2
Graves,21083,1
Grayson,21085,2
Green,21087,1
Greenup,21089,2
Hardin,21093,9
Harlan,21095,1
Harrison,21097,1
Hart,21099,2
Henderson,21101,2
Henry,21103,1
Hopkins,21107,1
Jefferson,21111,46
Jessamine,21113,3
Johnson,21115,2
Kenton,21117,7
Knox,21121,2
Larue,21123,1
Laurel,21125,4
Lawrence,21127,1
Letcher,21133,1
Lewis,21135,1
Lincoln,21137,1
Logan,21141,1
Lyon,21143,1
McCracken,21145,4
McCreary,21147,1
Madison,21151,6
Magoffin,21153,1
Marion,21155,1
Marshall,21157,3
Martin,21159,1
Mason,21161,1
Meade,21163,1
Mercer,21167,1
Metcalfe,21169,1
Monroe,21171,1
Montgomery,21173,2
Morgan,21175,1
Muhlenberg,21177,2
Nelson,21179,1
Ohio,21183,1
Oldham,21185,2
Owen,21187,1
Pendleton,21191,1
Perry,21193,2
Pike,21195,4
Powell,21197,1
Pulaski,21199,2
Rockcastle,21203,1
Rowan,21205,2
Russell,21207,1
Scott,21209,3
Shelby,21211,3
Simpson,21213,2
Spencer,21215,1
Taylor,21217,1
Trigg,21221,1
Union,21225,1
Warren,21227,8
Washington,21229,1
Wayne,21231,1
Webster,21233,1
Whitley,21235,2
Woodford,21239,1
Acadia,22001,3
Allen,22003,2
Ascension,22005,7
Avoyelles,22009,2
Beauregard,22011,1
Bienville,22013,1
Bossier,22015,6
Caddo,22017,13
Calcasieu,22019,10
Caldwell,22021,1
Claiborne,22027,1
Concordia,22029,1
De Soto,22031,1
East Baton Rouge,22033,30
East Feliciana,22037,1
Evangeline,22039,1
Franklin,22041,1
Iberia,22045,4
Iberville,22047,1
Jackson,22049,1
Jefferson,22051,26
Jefferson Davis,22053,1
Lafayette,22055,14
Lafourche,22057,6
LaSalle,22059,1
Lincoln,22061,2
Livingston,22063,5
Madison,22065,1
Morehouse,22067,1
Natchitoches,22069,2
Orleans,22071,15
Ouachita,22073,9
Plaquemines,22075,1
Pointe Coupee,22077,1
Rapides,22079,7
Richland,22083,1
Sabine,22085,1
St. Bernard,22087,3
St. Charles,22089,3
St. James,22093,1
St. John the Baptist,22095,3
St. Landry,22097,4
St. Martin,22099,3
St. Mary,22101,5
St. Tammany,22103,16
Tangipahoa,22105,6
Terrebonne,22109,7
Union,22111,1
Vermilion,22113,2
Vernon,22115,2
Washington,22117,2
Webster,22119,2
West Baton Rouge,22121,3
West Carroll,22123,1
West Feliciana,22125,1
Winn,22127,1
Androscoggin,23001,4
Aroostook,23003,5
Cumberland,23005,14
Franklin,23007,2
Hancock,23009,2
Kennebec,23011,6
Knox,23013,2
Lincoln,23015,2
Oxford,23017,2
Penobscot,23019,9
Piscataquis,23021,1
Sagadahoc,23023,2
Somerset,23025,1
Waldo,23027,1
Washington,23029,2
York,23031,7
Allegany,24001,7
Anne Arundel,24003,28
Baltimore,24005,43
Calvert,24009,4
Caroline,24011,2
Carroll,24013,6
Cecil,24015,5
Charles,24017,8
Dorchester,24019,1
Frederick,24021,17
Garrett,24023,3
Harford,24025,12
Howard,24027,18
Kent,24029,1
Montgomery,24031,40
Prince George's,24033,46
Queen Anne's,24035,2
St. Mary's,24037,5
Somerset,24039,2
Talbot,24041,3
Washington,24043,12
Wicomico,24045,7
Worcester,24047,6
Baltimore City,24510,25
Barnstable,25001,6
Berkshire,25003,8
Bristol,25005,22
Essex,25009,30
Franklin,25011,2
Hampden,25013,26
Hampshire,25015,5
Middlesex,25017,46
Norfolk,25021,19
Plymouth,25023,19
Suffolk,25025,29
Worcester,25027,34
Allegan,26005,5
Alpena,26007,3
Antrim,26009,2
Arenac,26011,2
Barry,26015,2
Bay,26017,12
Benzie,26019,1
Berrien,26021,9
Branch,26023,3
Calhoun,26025,10
Cass,26027,3
Charlevoix,26029,3
Cheboygan,26031,2
Chippewa,26033,1
Clare,26035,2
Clinton,26037,4
Crawford,26039,1
Delta,26041,3
Dickinson,26043,2
Eaton,26045,8
Emmet,26047,1
Genesee,26049,33
Gladwin,26051,1
Gogebic,26053,1
Grand Traverse,26055,5
Gratiot,26057,3
Hillsdale,26059,2
Houghton,26061,1
Huron,26063,2
Ingham,26065,17
Ionia,26067,4
Iosco,26069,2
Iron,26071,1
Isabella,26073,5
Jackson,26075,10
Kalamazoo,26077,16
Kalkaska,26079,1
Kent,26081,30
Lapeer,26087,6
Lenawee,26091,6
Livingston,26093,9
Luce,26095,1
Mackinac,26097,1
Macomb,26099,44
Manistee,26101,1
Marquette,26103,4
Mason,26105,1
Mecosta,26107,1
Menominee,26109,1
Midland,26111,5
Missaukee,26113,1
Monroe,26115,7
Montcalm,26117,6
Muskegon,26121,11
Newaygo,26123,2
Oakland,26125,58
Oceana,26127,1
Ogemaw,26129,2
Osceola,26133,2
Oscoda,26135,1
Otsego,26137,1
Ottawa,26139,11
Presque Isle,26141,1
Roscommon,26143,3
Saginaw,26145,16
St. Clair,26147,10
St. Joseph,26149,4
Sanilac,26151,3
Shiawassee,26155,4
Tuscola,26157,3
Van Buren,26159,6
Washtenaw,26161,16
Wayne,26163,88
Wexford,26165,2
Aitkin,27001,1
Anoka,27003,14
Becker,27005,1
Beltrami,27007,2
Benton,27009,3
Blue Earth,27013,3
Brown,27015,1
Carlton,27017,1
Carver,27019,5
Chippewa,27023,1
Chisago,27025,3
Clay,27027,2
Cottonwood,27033,1
Crow Wing,27035,4
Dakota,27037,18
Douglas,27041,2
Faribault,27043,1
Freeborn,27047,3
Goodhue,27049,3
Hennepin,27053,43
Hubbard,27057,1
Isanti,27059,2
Itasca,27061,1
Kanabec,27065,1
Kandiyohi,27067,1
Koochiching,27071,1
Lake,27075,1
Lake of the Woods,27077,1
Le Sueur,27079,1
Lyon,27083,1
McLeod,27085,1
Martin,27091,1
Meeker,27093,1
Morrison,27097,1
Mower,27099,2
Nicollet,27103,1
Nobles,27105,1
Olmsted,27109,7
Otter Tail,27111,3
Pennington,27113,1
Pine,27115,2
Pipestone,27117,1
Polk,27119,2
Ramsey,27123,22
Redwood,27127,1
Rice,27131,2
Rock,27133,1
St. Louis,27137,9
Scott,27139,6
Sherburne,27141,5
Stearns,27145,8
Steele,27147,2
Stevens,27149,1
Wadena,27159,1
Waseca,27161,1
Washington,27163,6
Watonwan,27165,1
Winona,27169,3
Wright,27171,6
Adams,28001,3
Alcorn,28003,2
Attala,28007,1
Bolivar,28011,2
Chickasaw,28017,1
Clay,28025,1
Coahoma,28027,1
Copiah,28029,2
Covington,28031,1
DeSoto,28033,7
Forrest,28035,6
George,28039,1
Grenada,28043,2
Hancock,28045,2
Harrison,28047,14
Hinds,28049,13
Humphreys,28053,1
Itawamba,28057,1
Jackson,28059,8
Jones,28067,2
Lafayette,28071,2
Lamar,28073,3
Lauderdale,28075,5
Leake,28079,1
Lee,28081,6
Leflore,28083,2
Lincoln,28085,1
Lowndes,28087,2
Madison,28089,5
Marion,28091,1
Marshall,28093,1
Monroe,28095,2
Montgomery,28097,1
Neshoba,28099,1
Newton,28101,1
Noxubee,28103,1
Oktibbeha,28105,2
Panola,28107,3
Pearl River,28109,3
Pike,28113,3
Pontotoc,28115,1
Prentiss,28117,2
Rankin,28121,5
Scott,28123,2
Simpson,28127,1
Stone,28131,1
Sunflower,28133,1
Tallahatchie,28135,1
Tate,28137,1
Tippah,28139,1
Tishomingo,28141,1
Tunica,28143,1
Union,28145,1
Walthall,28147,1
Warren,28149,3
Washington,28151,3
Wayne,28153,1
Webster,28155,1
Winston,28159,1
Yazoo,28163,1
Adair,29001,2
Atchison,29005,1
Audrain,29007,1
Barry,29009,2
Barton,29011,1
Bates,29013,1
Benton,29015,1
Bollinger,29017,1
Boone,29019,8
Buchanan,29021,6
Butler,29023,3
Callaway,29027,3
Camden,29029,4
Cape Girardeau,29031,3
Carroll,29033,1
Carter,29035,1
Cass/Van Buren,29037,4
Cedar,29039,1
Christian,29043,2
Clay,29047,14
Cole,29051,5
Cooper,29053,1
Crawford,29055,1
Dallas,29059,1
DeKalb,29063,1
Dent,29065,1
Douglas,29067,1
Dunklin,29069,2
Franklin,29071,5
Gasconade,29073,1
Greene,29077,19
Grundy,29079,1
Harrison,29081,1
Henry/Rives,29083,1
Holt,29087,1
Howard,29089,1
Howell,29091,4
Iron,29093,1
Jackson,29095,38
Jasper,29097,7
Jefferson,29099,10
Johnson,29101,2
Laclede,29105,2
Lafayette,29107,5
Lawrence,29109,2
Lincoln,29113,1
Linn,29115,1
Livingston,29117,1
McDonald,29119,1
Macon,29121,1
Madison,29123,1
Marion,29127,1
Miller,29131,1
Mississippi,29133,1
Moniteau,29135,1
Montgomery,29139,1
Morgan,29141,1
New Madrid,29143,2
Newton,29145,3
Nodaway,29147,1
Oregon,29149,1
Osage,29151,1
Pemiscot,29155,1
Perry,29157,1
Pettis,29159,2
Phelps,29161,3
Pike,29163,1
Platte,29165,3
Polk,29167,1
Pulaski,29169,2
Randolph,29175,2
Ray,29177,1
Ripley,29181,1
St. Charles,29183,21
Ste. Genevieve,29186,1
St. Francois,29187,3
St. Louis,29189,50
Saline,29195,1
Scott,29201,2
Stoddard,29207,2
Stone,29209,1
Taney,29213,6
Texas,29215,1
Vernon,29217,1
Warren,29219,2
Washington,29221,1
Wayne,29223,1
Webster,29225,3
Wright,29229,1
St. Louis City,29510,9
Beaverhead,30001,1
Big Horn,30003,1
Cascade,30013,3
Custer,30017,1
Deer Lodge,30023,1
Fergus,30027,1
Flathead,30029,4
Gallatin,30031,5
Glacier,30035,1
Hill,30041,1
Lake,30047,2
Lewis and Clark,30049,2
Lincoln,30053,1
Missoula,30063,6
Park,30067,1
Powell,30077,1
Ravalli,30081,1
Richland,30083,1
Roosevelt,30085,1
Silver Bow,30093,2
Stillwater,30095,1
Valley,30105,1
Yellowstone,30111,8
Adams,31001,2
Box Butte,31013,1
Buffalo,31019,3
Cherry,31031,1
Cheyenne,31033,1
Cuming,31039,1
Custer,31041,1
Dakota,31043,1
Dawes,31045,1
Dawson,31047,2
Dodge,31053,1
Douglas,31055,21
Gage,31067,1
Hall,31079,2
Hamilton,31081,1
Holt,31089,1
Jefferson,31095,1
Keith,31101,1
Lancaster,31109,16
Lincoln,31111,2
Madison,31119,2
Otoe,31131,1
Phelps,31137,1
Platte,31141,1
Red Willow,31145,1
Sarpy,31153,8
Scotts Bluff,31157,3
Seward,31159,1
Valley,31175,1
Washington,31177,1
Wayne,31179,1
York,31185,1
Churchill,32001,2
Clark,32003,110
Douglas,32005,2
Elko,32007,4
Humboldt,32013,1
Lander,32015,1
Lyon,32019,2
Mineral,32021,1
Nye,32023,1
Pershing,32027,1
Washoe,32031,22
White Pine,32033,1
Carson City,32510,4
Belknap,33001,4
Carroll,33003,2
Cheshire,33005,2
Coos,33007,2
Grafton,33009,5
Hillsborough,33011,16
Merrimack,33013,7
Rockingham,33015,15
Strafford,33017,4
Sullivan,33019,2
Atlantic,34001,12
Bergen,34003,20
Burlington,34005,15
Camden,34007,15
Cape May,34009,6
Cumberland,34011,6
Essex,34013,18
Gloucester,34015,12
Hudson,34017,17
Hunterdon,34019,3
Mercer,34021,9
Middlesex,34023,21
Monmouth,34025,23
Morris,34027,16
Ocean,34029,21
Passaic,34031,10
Salem,34033,3
Somerset,34035,7
Sussex,34037,4
Union,34039,17
Warren,34041,5
Bernalillo,35001,34
Chaves,35005,3
Cibola,35006,2
Colfax,35007,1
Curry,35009,3
Dona Ana,35013,8
Eddy,35015,3
Grant,35017,1
Guadalupe,35019,1
Hidalgo,35023,1
Lea,35025,3
Lincoln,35027,1
Los Alamos,35028,1
Luna,35029,1
McKinley,35031,4
Otero,35035,3
Quay,35037,1
Roosevelt,35041,1
Sandoval,35043,6
San Juan,35045,5
San Miguel,35047,1
Santa Fe,35049,8
Sierra,35051,1
Socorro,35053,1
Taos,35055,1
Torrance,35057,1
Valencia,35061,4
Albany,36001,16
Allegany,36003,2
Bronx,36005,42
Broome,36007,11
Cattaraugus,36009,2
Cayuga,36011,3
Chautauqua,36013,6
Chemung,36015,5
Chenango,36017,1
Clinton,36019,4
Columbia,36021,2
Cortland,36023,2
Delaware,36025,4
Dutchess,36027,11
Erie,36029,42
Essex,36031,3
Franklin,36033,2
Fulton,36035,2
Genesee,36037,3
Greene,36039,2
Herkimer,36043,4
Jefferson,36045,5
Kings,36047,54
Lewis,36049,1
Livingston,36051,5
Madison,36053,4
Monroe,36055,30
Montgomery,36057,4
Nassau,36059,37
New York,36061,69
Niagara,36063,5
Oneida,36065,11
Onondaga,36067,20
Ontario,36069,5
Orange,36071,14
Orleans,36073,2
Oswego,36075,6
Otsego,36077,5
Putnam,36079,3
Queens,36081,62
Rensselaer,36083,5
Richmond,36085,10
Rockland,36087,8
St. Lawrence,36089,6
Saratoga,36091,10
Schenectady,36093,7
Schoharie,36095,2
Schuyler,36097,1
Seneca,36099,2
Steuben,36101,4
Suffolk,36103,47
Sullivan,36105,3
Tioga,36107,2
Tompkins,36109,3
Ulster,36111,8
Warren,36113,6
Washington,36115,4
Wayne,36117,6
Westchester,36119,25
Wyoming,36121,2
Yates,36123,1
Alamance,37001,9
Alexander,37003,1
Anson,37007,1
Ashe,37009,1
Avery,37011,2
Beaufort,37013,1
Bladen,37017,1
Brunswick,37019,6
Buncombe,37021,14
Burke,37023,4
Cabarrus,37025,11
Caldwell,37027,2
Carteret,37031,5
Caswell,37033,1
Catawba,37035,8
Chatham,37037,2
Cherokee,37039,2
Chowan,37041,1
Clay,37043,1
Cleveland,37045,5
Columbus,37047,3
Craven,37049,7
Cumberland,37051,18
Currituck,37053,2
Dare,37055,3
Davidson,37057,7
Davie,37059,2
Duplin,37061,3
Durham,37063,12
Edgecombe,37065,2
Forsyth,37067,18
Franklin,37069,2
Gaston,37071,11
Graham,37075,1
Granville,37077,2
Greene,37079,1
Guilford,37081,29
Halifax,37083,3
Harnett,37085,6
Haywood,37087,3
Henderson,37089,6
Hertford,37091,2
Hoke,37093,1
Iredell,37097,8
Jackson,37099,2
Johnston,37101,10
Lee,37105,3
Lenoir,37107,3
Lincoln,37109,2
McDowell,37111,3
Macon,37113,2
Martin,37117,2
Mecklenburg,37119,38
Mitchell,37121,1
Montgomery,37123,2
Moore,37125,3
Nash,37127,6
New Hanover,37129,11
Onslow,37133,9
Orange,37135,4
Pamlico,37137,1
Pasquotank,37139,3
Pender,37141,4
Perquimans,37143,1
Person,37145,2
Pitt,37147,10
Polk,37149,1
Randolph,37151,6
Richmond,37153,2
Robeson,37155,6
Rockingham,37157,4
Rowan,37159,4
Rutherford,37161,3
Sampson,37163,3
Scotland,37165,1
Stanly,37167,4
Stokes,37169,1
Surry,37171,6
Swain,37173,1
Transylvania,37175,1
Union,37179,9
Vance,37181,3
Wake,37183,53
Washington,37187,1
Watauga,37189,1
Wayne,37191,6
Wilkes,37193,2
Wilson,37195,5
Yadkin,37197,2
Yancey,37199,1
Burleigh,38015,5
Cass,38017,8
Grand Forks,38035,3
Morton,38059,1
Ramsey,38071,1
Richland,38077,1
Stark,38089,1
Stutsman,38093,1
Ward,38101,2
Williams,38105,1
Adams,39001,3
Allen,39003,9
Ashland,39005,3
Ashtabula,39007,7
Athens,39009,4
Auglaize,39011,3
Belmont,39013,6
Brown,39015,3
Butler,39017,19
Carroll,39019,2
Champaign,39021,1
Clark,39023,7
Clermont,39025,9
Clinton,39027,3
Columbiana,39029,6
Coshocton,39031,1
Crawford,39033,3
Cuyahoga,39035,59
Darke,39037,2
Defiance,39039,3
Delaware,39041,10
Erie,39043,7
Fairfield,39045,5
Fayette,39047,3
Franklin,39049,62
Fulton,39051,2
Gallia,39053,2
Geauga,39055,5
Greene,39057,9
Guernsey,39059,3
Hamilton,39061,38
Hancock,39063,3
Hardin,39065,2
Harrison,39067,1
Henry,39069,1
Highland,39071,2
Hocking,39073,1
Holmes,39075,1
Huron,39077,5
Jackson,39079,3
Jefferson,39081,3
Knox,39083,3
Lake,39085,15
Lawrence,39087,4
Licking,39089,10
Logan,39091,3
Lorain,39093,17
Lucas,39095,25
Madison,39097,3
Mahoning,39099,13
Marion,39101,3
Medina,39103,8
Meigs,39105,1
Mercer,39107,2
Miami,39109,5
Monroe,39111,1
Montgomery,39113,32
Morgan,39115,1
Morrow,39117,2
Muskingum,39119,5
Noble,39121,1
Ottawa,39123,4
Paulding,39125,1
Perry,39127,1
Pickaway,39129,2
Pike,39131,1
Portage,39133,11
Preble,39135,1
Putnam,39137,1
Richland,39139,7
Ross,39141,4
Sandusky,39143,4
Scioto,39145,3
Seneca,39147,2
Shelby,39149,1
Stark,39151,24
Summit,39153,33
Trumbull,39155,13
Tuscarawas,39157,8
Union,39159,3
Van Wert,39161,2
Vinton,39163,1
Warren,39165,9
Washington,39167,6
Wayne,39169,4
Williams,39171,2
Wood,39173,8
Wyandot,39175,2
Adair,40001,1
Atoka,40005,1
Beckham,40009,3
Bryan,40013,1
Caddo,40015,1
Canadian,40017,8
Carter,40019,2
Cherokee,40021,1
Choctaw,40023,1
Cleveland,40027,13
Comanche,40031,6
Cotton,40033,1
Craig,40035,2
Creek,40037,2
Custer,40039,2
Delaware,40041,2
Garfield,40047,4
Garvin,40049,2
Grady,40051,2
Haskell,40061,1
Hughes,40063,1
Jackson,40065,2
Kay,40071,2
Kingfisher,40073,1
Latimer,40077,1
Le Flore,40079,2
Lincoln,40081,3
Logan,40083,1
Love,40085,1
McClain,40087,3
McCurtain,40089,2
McIntosh,40091,3
Marshall,40095,1
Mayes,40097,2
Murray,40099,1
Muskogee,40101,6
Noble,40103,1
Okfuskee,40107,1
Oklahoma,40109,48
Okmulgee,40111,2
Osage,40113,2
Ottawa,40115,1
Pawnee,40117,2
Payne,40119,4
Pittsburg,40121,2
Pontotoc,40123,1
Pottawatomie,40125,3
Pushmataha,40127,1
Rogers,40131,3
Seminole,40133,1
Sequoyah,40135,2
Stephens,40137,1
Texas,40139,1
Tulsa,40143,38
Wagoner,40145,3
Washington,40147,3
Woods,40151,1
Woodward,40153,1
Baker,41001,1
Benton,41003,3
Clackamas,41005,18
Clatsop,41007,2
Columbia,41009,2
Coos,41011,3
Crook,41013,1
Curry,41015,1
Deschutes,41017,10
Douglas,41019,6
Grant,41023,1
Harney,41025,1
Hood River,41027,2
Jackson,41029,7
Jefferson,41031,1
Josephine,41033,4
Klamath,41035,3
Lane,41039,16
Lincoln,41041,2
Linn,41043,4
Malheur,41045,2
Marion,41047,17
Multnomah,41051,26
Polk,41053,3
Sherman,41055,1
Tillamook,41057,1
Umatilla,41059,5
Union,41061,1
Wasco,41065,2
Washington,41067,19
Yamhill,41071,3
Adams,42001,4
Allegheny,42003,54
Armstrong,42005,1
Beaver,42007,7
Bedford,42009,3
Berks,42011,15
Blair,42013,7
Bradford,42015,3
Bucks,42017,24
Butler,42019,8
Cambria,42021,8
Carbon,42025,3
Centre,42027,5
Chester,42029,16
Clarion,42031,2
Clearfield,42033,4
Clinton,42035,3
Columbia,42037,4
Crawford,42039,3
Cumberland,42041,14
Dauphin,42043,17
Delaware,42045,20
Elk,42047,1
Erie,42049,16
Fayette,42051,7
Franklin,42055,6
Fulton,42057,1
Greene,42059,2
Huntingdon,42061,2
Indiana,42063,4
Jefferson,42065,3
Juniata,42067,1
Lackawanna,42069,11
Lancaster,42071,17
Lawrence,42073,5
Lebanon,42075,7
Lehigh,42077,13
Luzerne,42079,14
Lycoming,42081,5
McKean,42083,1
Mercer,42085,7
Mifflin,42087,2
Monroe,42089,6
Montgomery,42091,28
Montour,42093,1
Northampton,42095,9
Northumberland,42097,3
Perry,42099,1
Philadelphia,42101,51
Pike,42103,2
Potter,42105,1
Schuylkill,42107,5
Snyder,42109,1
Somerset,42111,4
Susquehanna,42115,3
Tioga,42117,2
Union,42119,3
Venango,42121,3
Warren,42123,1
Washington,42125,11
Wayne,42127,2
Westmoreland,42129,19
Wyoming,42131,1
York,42133,20
Bristol,44001,1
Kent,44003,6
Newport,44005,2
Providence,44007,20
Washington,44009,4
Abbeville,45001,1
Aiken,45003,9
Anderson,45007,9
Bamberg,45009,1
Barnwell,45011,1
Beaufort,45013,8
Berkeley,45015,8
Charleston,45019,16
Cherokee,45021,4
Chester,45023,2
Chesterfield,45025,2
Clarendon,45027,1
Colleton,45029,2
Darlington,45031,2
Dillon,45033,2
Dorchester,45035,6
Edgefield,45037,1
Fairfield,45039,1
Florence,45041,10
Georgetown,45043,3
Greenville,45045,22
Greenwood,45047,3
Hampton,45049,1
Horry,45051,18
Jasper,45053,3
Kershaw,45055,3
Lancaster,45057,2
Laurens,45059,4
Lee,45061,1
Lexington,45063,15
Marion,45067,1
Marlboro,45069,1
Newberry,45071,2
Oconee,45073,3
Orangeburg,45075,5
Pickens,45077,3
Richland,45079,15
Spartanburg,45083,17
Sumter,45085,6
Union,45087,1
Williamsburg,45089,1
York,45091,11
Beadle,46005,1
Brookings,46011,1
Brown,46013,2
Brule,46015,1
Clay,46027,1
Codington,46029,2
Davison,46035,2
Hughes,46065,1
Lake,46079,1
Lawrence,46081,1
Lincoln,46083,1
Meade,46093,1
Minnehaha,46099,7
Pennington,46103,5
Tripp,46123,1
Union,46127,1
Yankton,46135,1
Anderson,47001,6
Bedford,47003,2
Benton,47005,1
Bledsoe,47007,1
Blount,47009,6
Bradley,47011,5
Campbell,47013,1
Cannon,47015,1
Carroll,47017,2
Carter,47019,3
Cheatham,47021,2
Chester,47023,1
Claiborne,47025,1
Cocke,47029,1
Coffee,47031,2
Crockett,47033,1
Cumberland,47035,2
Davidson,47037,34
Decatur,47039,1
DeKalb,47041,1
Dickson,47043,4
Dyer,47045,3
Fayette,47047,2
Fentress,47049,1
Franklin,47051,1
Gibson,47053,4
Giles,47055,1
Greene,47059,5
Grundy,47061,1
Hamblen,47063,4
Hamilton,47065,17
Hardeman,47069,1
Hardin,47071,1
Hawkins,47073,3
Haywood,47075,1
Henderson,47077,2
Henry,47079,1
Hickman,47081,1
Humphreys,47085,2
Jefferson,47089,3
Johnson,47091,1
Knox,47093,26
Lauderdale,47097,1
Lawrence,47099,1
Lewis,47101,1
Lincoln,47103,1
Loudon,47105,3
McMinn,47107,2
McNairy,47109,1
Macon,47111,1
Madison,47113,5
Marion,47115,1
Marshall,47117,2
Maury,47119,5
Monroe,47123,3
Montgomery,47125,7
Obion,47131,1
Overton,47133,1
Polk,47139,1
Putnam,47141,4
Rhea,47143,3
Roane,47145,3
Robertson,47147,3
Rutherford,47149,15
Scott,47151,1
Sequatchie,47153,1
Sevier,47155,8
Shelby,47157,46
Smith,47159,2
Stewart,47161,1
Sullivan,47163,11
Sumner,47165,6
Tipton,47167,2
Trousdale,47169,1
Unicoi,47171,1
Union,47173,1
Warren,47177,1
Washington,47179,9
Wayne,47181,1
Weakley,47183,2
White,47185,1
Williamson,47187,7
Wilson,47189,7
Anderson,48001,2
Angelina,48005,3
Aransas,48007,2
Atascosa,48013,2
Austin,48015,1
Bailey,48017,1
Bastrop,48021,3
Bee,48025,2
Bell,48027,14
Bexar,48029,86
Bowie,48037,7
Brazoria,48039,14
Brazos,48041,10
Brewster,48043,1
Brooks,48047,1
Brown,48049,1
Burleson,48051,1
Burnet,48053,2
Caldwell,48055,2
Calhoun,48057,1
Cameron,48061,22
Camp,48063,1
Cass,48067,1
Chambers,48071,3
Cherokee,48073,2
Childress,48075,1
Collin,48085,36
Colorado,48089,2
Comal,48091,7
Cooke,48097,1
Coryell,48099,3
Culberson,48109,1
Dallam,48111,1
Dallas,48113,117
Dawson,48115,1
Deaf Smith,48117,1
Denton,48121,28
DeWitt,48123,1
Dimmit,48127,1
Eastland,48133,1
Ector,48135,5
Ellis,48139,6
El Paso,48141,42
Erath,48143,2
Falls,48145,1
Fannin,48147,1
Fayette,48149,3
Fort Bend,48157,27
Freestone,48161,1
Frio,48163,1
Gaines,48165,1
Galveston,48167,18
Garza,48169,1
Gillespie,48171,1
Gonzales,48177,1
Gray,48179,1
Grayson,48181,5
Gregg,48183,10
Grimes,48185,1
Guadalupe,48187,4
Hale,48189,2
Hardin,48199,3
Harris,48201,211
Harrison,48203,3
Hays,48209,8
Henderson,48213,3
Hidalgo,48215,31
Hill,48217,2
Hockley,48219,1
Hood,48221,2
Hopkins,48223,1
Houston,48225,1
Howard,48227,1
Hunt,48231,4
Hutchinson,48233,1
Jackson,48239,1
Jasper,48241,2
Jefferson,48245,11
Jim Wells,48249,3
Johnson,48251,5
Kaufman,48257,3
Kendall,48259,2
Kerr,48265,4
Kimble,48267,1
Kleberg,48273,2
Lamar,48277,1
Lamb,48279,1
Lampasas,48281,1
La Salle,48283,1
Lavaca,48285,1
Lee,48287,1
Liberty,48291,5
Limestone,48293,1
Live Oak,48297,1
Lubbock,48303,15
McCulloch,48307,1
McLennan,48309,9
Madison,48313,1
Marion,48315,1
Matagorda,48321,2
Maverick,48323,3
Medina,48325,3
Midland,48329,4
Milam,48331,1
Montague,48337,1
Montgomery,48339,23
Moore,48341,2
Morris,48343,1
Nacogdoches,48347,3
Navarro,48349,2
Nolan,48353,1
Nueces,48355,20
Ochiltree,48357,1
Orange,48361,4
Palo Pinto,48363,1
Panola,48365,1
Parker,48367,5
Pecos,48371,1
Polk,48373,2
Potter,48375,8
Randall,48381,6
Red River,48387,1
Refugio,48391,1
Robertson,48395,2
Rockwall,48397,3
Rusk,48401,1
San Patricio,48409,5
Scurry,48415,1
Shelby,48419,1
Smith,48423,11
Starr,48427,1
Stephens,48429,1
Tarrant,48439,85
Taylor,48441,4
Terry,48445,1
Titus,48449,2
Tom Green,48451,4
Travis,48453,36
Trinity,48455,1
Tyler,48457,1
Upshur,48459,1
Uvalde,48463,2
Val Verde,48465,3
Van Zandt,48467,1
Victoria,48469,4
Walker,48471,2
Waller,48473,3
Ward,48475,1
Washington,48477,2
Webb,48479,16
Wharton,48481,3
Wheeler,48483,1
Wichita,48485,8
Wilbarger,48487,1
Willacy,48489,1
Williamson,48491,19
Wilson,48493,1
Wise,48497,3
Wood,48499,2
Yoakum,48501,1
Young,48503,1
Zapata,48505,1
Beaver,49001,1
Box Elder,49003,2
Cache,49005,4
Carbon,49007,1
Davis,49011,14
Duchesne,49013,1
Grand,49019,1
Iron,49021,2
Kane,49025,1
Millard,49027,1
Salt Lake,49035,49
Sanpete,49039,1
Sevier,49041,1
Summit,49043,1
Tooele,49045,2
Uintah,49047,1
Utah,49049,16
Wasatch,49051,1
Washington,49053,5
Weber,49057,11
Addison,50001,1
Bennington,50003,2
Caledonia,50005,2
Chittenden,50007,8
Franklin,50011,3
Lamoille,50015,1
Orange,50017,1
Orleans,50019,1
Rutland,50021,4
Washington,50023,2
Windham,50025,1
Windsor,50027,2
Accomack,51001,2
Albemarle,51003,3
Alleghany,51005,1
Amelia,51007,1
Amherst,51009,2
Appomattox,51011,1
Arlington,51013,11
Augusta,51015,4
Bedford,51019,3
Botetourt,51023,1
Brunswick,51025,1
Buchanan,51027,1
Buckingham,51029,1
Campbell,51031,3
Caroline,51033,2
Carroll,51035,2
Chesterfield,51041,13
Clarke,51043,1
Culpeper,51047,1
Dickenson,51051,1
Dinwiddie,51053,1
Essex,51057,1
Fairfax,51059,50
Fauquier,51061,4
Franklin,51067,1
Frederick,51069,6
Giles,51071,1
Gloucester,51073,2
Greene,51079,1
Greensville,51081,1
Halifax,51083,2
Hanover,51085,5
Henrico,51087,18
Henry,51089,3
Isle of Wight,51093,1
James City,51095,3
King George,51099,1
King William,51101,1
Lancaster,51103,1
Lee,51105,1
Loudoun,51107,13
Louisa,51109,2
Madison,51113,1
Mecklenburg,51117,3
Montgomery,51121,3
Nelson,51125,1
New Kent,51127,1
Northampton,51131,2
Nottoway,51135,1
Orange,51137,2
Page,51139,2
Pittsylvania,51143,2
Powhatan,51145,1
Prince Edward,51147,1
Prince George,51149,1
Prince William,51153,23
Pulaski,51155,3
Richmond,51159,1
Roanoke,51161,4
Rockbridge,51163,2
Rockingham,51165,3
Russell,51167,2
Scott,51169,1
Shenandoah,51171,3
Smyth,51173,2
Spotsylvania,51177,6
Stafford,51179,9
Sussex,51183,1
Tazewell,51185,4
Warren,51187,2
Washington,51191,4
Westmoreland,51193,1
Wise,51195,2
Wythe,51197,3
York,51199,5
Alexandria City,51510,7
Bristol City,51520,1
Charlottesville City,51540,2
Chesapeake City,51550,12
Colonial Heights City,51570,2
Danville City,51590,4
Emporia City,51595,1
Fairfax City,51600,5
Franklin City,51620,1
Fredericksburg City,51630,4
Galax City,51640,1
Hampton City,51650,10
Harrisonburg City,51660,4
Hopewell City,51670,1
Lynchburg City,51680,4
Manassas City,51683,3
Martinsville City,51690,1
Newport News City,51700,8
Norfolk City,51710,16
Norton City,51720,1
Petersburg City,51730,2
Poquoson City,51735,1
Portsmouth City,51740,3
Richmond City,51760,11
Roanoke City,51770,4
Salem City,51775,3
Suffolk City,51800,4
Virginia Beach City,51810,20
Waynesboro City,51820,3
Williamsburg City,51830,1
Winchester City,51840,4
Adams,53001,2
Asotin,53003,1
Benton,53005,9
Chelan,53007,2
Clallam,53009,2
Clark,53011,14
Cowlitz,53015,4
Douglas,53017,1
Franklin,53021,2
Grant,53025,4
Grays Harbor,53027,4
Island,53029,2
Jefferson,53031,1
King,53033,71
Kitsap,53035,11
Kittitas,53037,2
Klickitat,53039,2
Lewis,53041,5
Mason,53045,3
Okanogan,53047,2
Pacific,53049,2
Pend Oreille,53051,1
Pierce,53053,33
Skagit,53057,5
Snohomish,53061,30
Spokane,53063,24
Stevens,53065,2
Thurston,53067,10
Walla Walla,53071,2
Whatcom,53073,8
Whitman,53075,2
Yakima,53077,10
Barbour,54001,1
Berkeley,54003,4
Boone,54005,1
Braxton,54007,1
Brooke,54009,1
Cabell,54011,7
Fayette,54019,3
Gilmer,54021,1
Grant,54023,1
Greenbrier,54025,3
Hampshire,54027,1
Hancock,54029,2
Hardy,54031,1
Harrison,54033,5
Jackson,54035,3
Jefferson,54037,3
Kanawha,54039,12
Lewis,54041,1
Lincoln,54043,1
Logan,54045,2
McDowell,54047,1
Marion,54049,4
Marshall,54051,1
Mason,54053,1
Mercer,54055,3
Mineral,54057,1
Mingo,54059,1
Monongalia,54061,5
Morgan,54065,1
Nicholas,54067,1
Ohio,54069,3
Pleasants,54073,1
Preston,54077,1
Putnam,54079,4
Raleigh,54081,4
Randolph,54083,1
Ritchie,54085,1
Roane,54087,1
Summers,54089,1
Taylor,54091,1
Tucker,54093,1
Upshur,54097,1
Wayne,54099,2
Wetzel,54103,1
Wood,54107,5
Wyoming,54109,1
Adams,55001,1
Ashland,55003,1
Barron,55005,2
Brown,55009,15
Calumet,55015,3
Chippewa,55017,4
Clark,55019,2
Columbia,55021,3
Crawford,55023,1
Dane,55025,28
Dodge,55027,4
Door,55029,2
Douglas,55031,2
Dunn,55033,1
Eau Claire,55035,4
Fond du Lac,55039,5
Grant,55043,2
Green,55045,2
Green Lake,55047,1
Iowa,55049,1
Jackson,55053,1
Jefferson,55055,5
Juneau,55057,1
Kenosha,55059,9
Kewaunee,55061,1
La Crosse,55063,4
Lafayette,55065,1
Langlade,55067,1
Lincoln,55069,2
Manitowoc,55071,4
Marathon,55073,7
Marinette,55075,2
Marquette,55077,1
Milwaukee,55079,49
Monroe,55081,2
Oconto,55083,2
Oneida,55085,3
Outagamie,55087,9
Ozaukee,55089,7
Pepin,55091,1
Polk,55095,3
Portage,55097,4
Price,55099,1
Racine,55101,10
Richland,55103,1
Rock,55105,11
Rusk,55107,1
St. Croix,55109,5
Sauk,55111,6
Sawyer,55113,1
Shawano,55115,2
Sheboygan,55117,6
Taylor,55119,1
Trempealeau,55121,2
Vernon,55123,1
Vilas,55125,1
Walworth,55127,6
Washburn,55129,1
Washington,55131,8
Waukesha,55133,19
Waupaca,55135,3
Waushara,55137,1
Winnebago,55139,8
Wood,55141,3
Albany,56001,2
Campbell,56005,1
Carbon,56007,1
Converse,56009,1
Fremont,56013,2
Goshen,56015,1
Hot Springs,56017,1
Johnson,56019,1
Laramie,56021,5
Natrona,56025,2
Park,56029,2
Sheridan,56033,2
Sweetwater,56037,3
Teton,56039,1
Uinta,56041,1
Washakie,56043,1
